season,player,award_share,predicted_award_share,MVP_rank,predicted_rank,rank_error,prediction_quality,received_votes
2021,Nikola Jokić,0.961,0.62559354,1,1,0.0,Exact Match,True
2021,Giannis Antetokounmpo,0.345,0.05068902,3,2,-1.0,Off by 1,True
2021,Stephen Curry,0.449,0.03164161,2,3,1.0,Off by 1,True
2021,Damian Lillard,0.038,0.02872778,6,4,-2.0,Off by 2,True
2021,Zion Williamson,0.0,0.023013582,100,5,,N/A (No Votes),False
2021,Bam Adebayo,0.0,0.008616961,100,6,,N/A (No Votes),False
2021,Jarrett Allen,0.0,0.005594136,100,6,,N/A (No Votes),False
2021,Deandre Ayton,0.0,0.0068999054,100,6,,N/A (No Votes),False
2021,Harrison Barnes,0.0,0.0030675598,100,6,,N/A (No Votes),False
2021,RJ Barrett,0.0,0.0039387806,100,6,,N/A (No Votes),False
2021,Bradley Beal,0.0,0.005634058,100,6,,N/A (No Votes),False
2021,Eric Bledsoe,0.0,0.0009227805,100,6,,N/A (No Votes),False
2021,Bojan Bogdanović,0.0,0.003439746,100,6,,N/A (No Votes),False
2021,Devin Booker,0.0,0.0035793874,100,6,,N/A (No Votes),False
2021,Mikal Bridges,0.0,0.0028332598,100,6,,N/A (No Votes),False
2021,Miles Bridges,0.0,0.0014370908,100,6,,N/A (No Votes),False
2021,Dillon Brooks,0.0,0.0014760613,100,6,,N/A (No Votes),False
2021,Jaylen Brown,0.0,0.0059328745,100,6,,N/A (No Votes),False
2021,Reggie Bullock,0.0,8.880774e-05,100,6,,N/A (No Votes),False
2021,Clint Capela,0.0,0.007819585,100,6,,N/A (No Votes),False
2021,John Collins,0.0,0.0055318926,100,6,,N/A (No Votes),False
2021,DeMar DeRozan,0.0,0.008219793,100,6,,N/A (No Votes),False
2021,Luka Dončić,0.042,0.018533826,5,6,1.0,Off by 1,True
2021,Anthony Edwards,0.0,0.001377369,100,6,,N/A (No Votes),False
2021,De'Aaron Fox,0.0,0.0047886204,100,6,,N/A (No Votes),False
2021,Rudy Gobert,0.008,0.022067389,100,6,-94.0,Off by >2,True
2021,Tyrese Haliburton,0.0,0.0013512226,100,6,,N/A (No Votes),False
2021,Tim Hardaway Jr.,0.0,0.0021692798,100,6,,N/A (No Votes),False
2021,Joe Harris,0.0,0.0015755165,100,6,,N/A (No Votes),False
2021,Tobias Harris,0.0,0.00686603,100,6,,N/A (No Votes),False
2021,Buddy Hield,0.0,0.00091785856,100,6,,N/A (No Votes),False
2021,Jrue Holiday,0.0,0.005910319,100,6,,N/A (No Votes),False
2021,Justin Holiday,0.0,8.1301194e-05,100,6,,N/A (No Votes),False
2021,Richaun Holmes,0.0,0.0035047685,100,6,,N/A (No Votes),False
2021,Kevin Huerter,0.0,0.0008069113,100,6,,N/A (No Votes),False
2021,Brandon Ingram,0.0,0.0071708984,100,6,,N/A (No Votes),False
2021,Keldon Johnson,0.0,0.0014198587,100,6,,N/A (No Votes),False
2021,Kyle Kuzma,0.0,0.0016463073,100,6,,N/A (No Votes),False
2021,Zach LaVine,0.0,0.009888004,100,6,,N/A (No Votes),False
2021,Khris Middleton,0.0,0.005505889,100,6,,N/A (No Votes),False
2021,Ja Morant,0.0,0.004628167,100,6,,N/A (No Votes),False
2021,Dejounte Murray,0.0,0.0034912124,100,6,,N/A (No Votes),False
2021,Kelly Olynyk,0.0,0.0035782414,100,6,,N/A (No Votes),False
2021,Chris Paul,0.138,0.01036284,4,6,2.0,Off by 2,True
2021,Michael Porter Jr.,0.0,0.0064489236,100,6,,N/A (No Votes),False
2021,Norman Powell,0.0,0.0039906786,100,6,,N/A (No Votes),False
2021,Julius Randle,0.02,0.01050379,7,6,-1.0,Off by 1,True
2021,Josh Richardson,0.0,0.00095463987,100,6,,N/A (No Votes),False
2021,Duncan Robinson,0.0,0.00030777947,100,6,,N/A (No Votes),False
2021,Terry Rozier,0.0,0.004953758,100,6,,N/A (No Votes),False
2021,Domantas Sabonis,0.0,0.007055389,100,6,,N/A (No Votes),False
2021,Dennis Schröder,0.0,0.0025869976,100,6,,N/A (No Votes),False
2021,Collin Sexton,0.0,0.0025190844,100,6,,N/A (No Votes),False
2021,Ben Simmons,0.003,0.0043384167,100,6,-94.0,Off by >2,True
2021,Jae'Sean Tate,0.0,0.0013263494,100,6,,N/A (No Votes),False
2021,Jayson Tatum,0.0,0.011125009,100,6,,N/A (No Votes),False
2021,Gary Trent Jr.,0.0,0.0014386339,100,6,,N/A (No Votes),False
2021,Jonas Valančiūnas,0.0,0.0075624897,100,6,,N/A (No Votes),False
2021,Nikola Vučević,0.0,0.013040591,100,6,,N/A (No Votes),False
2021,P.J. Washington,0.0,0.0015794052,100,6,,N/A (No Votes),False
2021,Russell Westbrook,0.005,0.007247968,100,6,-94.0,Off by >2,True
2021,Coby White,0.0,0.0010762746,100,6,,N/A (No Votes),False
2021,Andrew Wiggins,0.0,0.004290974,100,6,,N/A (No Votes),False
2021,Trae Young,0.0,0.01094278,100,6,,N/A (No Votes),False
2011,LeBron James,0.431,0.33013073,3,1,-2.0,Off by 2,True
2011,Pau Gasol,0.0,0.08054694,100,2,,N/A (No Votes),False
2011,Derrick Rose,0.977,0.07904144,1,3,2.0,Off by 2,True
2011,Dwight Howard,0.531,0.072871216,2,4,2.0,Off by 2,True
2011,Dwyane Wade,0.02,0.060515583,7,5,-2.0,Off by 2,True
2011,Arron Afflalo,0.0,0.0011036356,100,6,,N/A (No Votes),False
2011,LaMarcus Aldridge,0.0,0.021194248,100,6,,N/A (No Votes),False
2011,Ray Allen,0.0,0.0071025454,100,6,,N/A (No Votes),False
2011,Carmelo Anthony,0.0,0.006971281,100,6,,N/A (No Votes),False
2011,Trevor Ariza,0.0,0.00055489334,100,6,,N/A (No Votes),False
2011,D.J. Augustin,0.0,0.0028518431,100,6,,N/A (No Votes),False
2011,Andrea Bargnani,0.0,0.0010667989,100,6,,N/A (No Votes),False
2011,Nicolas Batum,0.0,0.0018022825,100,6,,N/A (No Votes),False
2011,Michael Beasley,0.0,0.00092517555,100,6,,N/A (No Votes),False
2011,Chauncey Billups,0.0,0.0047144364,100,6,,N/A (No Votes),False
2011,Andray Blatche,0.0,0.0016894216,100,6,,N/A (No Votes),False
2011,Andrew Bogut,0.0,0.0029760767,100,6,,N/A (No Votes),False
2011,Carlos Boozer,0.0,0.0061448356,100,6,,N/A (No Votes),False
2011,Chris Bosh,0.0,0.009070988,100,6,,N/A (No Votes),False
2011,Elton Brand,0.0,0.00643089,100,6,,N/A (No Votes),False
2011,Kobe Bryant,0.354,0.026719706,4,6,2.0,Off by 2,True
2011,Vince Carter,0.0,0.0011994073,100,6,,N/A (No Votes),False
2011,Wilson Chandler,0.0,0.0025309636,100,6,,N/A (No Votes),False
2011,Darren Collison,0.0,0.0015421008,100,6,,N/A (No Votes),False
2011,Mike Conley,0.0,0.0031479746,100,6,,N/A (No Votes),False
2011,DeMarcus Cousins,0.0,0.001728355,100,6,,N/A (No Votes),False
2011,Jamal Crawford,0.0,0.0008762434,100,6,,N/A (No Votes),False
2011,Stephen Curry,0.0,0.0054632006,100,6,,N/A (No Votes),False
2011,Baron Davis,0.0,0.0024157094,100,6,,N/A (No Votes),False
2011,Glen Davis,0.0,0.001654198,100,6,,N/A (No Votes),False
2011,Luol Deng,0.0,0.007507554,100,6,,N/A (No Votes),False
2011,DeMar DeRozan,0.0,0.001686851,100,6,,N/A (No Votes),False
2011,Boris Diaw,0.0,0.0011596903,100,6,,N/A (No Votes),False
2011,Tim Duncan,0.0,0.0071957805,100,6,,N/A (No Votes),False
2011,Kevin Durant,0.157,0.032117642,5,6,1.0,Off by 1,True
2011,Monta Ellis,0.0,0.0027419182,100,6,,N/A (No Votes),False
2011,Raymond Felton,0.0,0.003542483,100,6,,N/A (No Votes),False
2011,Channing Frye,0.0,0.0010546974,100,6,,N/A (No Votes),False
2011,Danilo Gallinari,0.0,0.0032066766,100,6,,N/A (No Votes),False
2011,Kevin Garnett,0.0,0.010326224,100,6,,N/A (No Votes),False
2011,Marc Gasol,0.0,0.00388403,100,6,,N/A (No Votes),False
2011,Manu Ginóbili,0.017,0.011731779,100,6,-94.0,Off by >2,True
2011,Danny Granger,0.0,0.006988977,100,6,,N/A (No Votes),False
2011,Jeff Green,0.0,0.0013374235,100,6,,N/A (No Votes),False
2011,Blake Griffin,0.004,0.018610975,100,6,-94.0,Off by >2,True
2011,Devin Harris,0.0,0.0033336575,100,6,,N/A (No Votes),False
2011,J.J. Hickson,0.0,0.0015440638,100,6,,N/A (No Votes),False
2011,Nenê,0.0,0.009548809,100,6,,N/A (No Votes),False
2011,George Hill,0.0,0.0004909968,100,6,,N/A (No Votes),False
2011,Grant Hill,0.0,0.0014590342,100,6,,N/A (No Votes),False
2011,Kirk Hinrich,0.0,0.00015893465,100,6,,N/A (No Votes),False
2011,Jrue Holiday,0.0,0.0030666252,100,6,,N/A (No Votes),False
2011,Al Horford,0.0,0.010980633,100,6,,N/A (No Votes),False
2011,Andre Iguodala,0.0,0.0037664694,100,6,,N/A (No Votes),False
2011,Stephen Jackson,0.0,0.0016194878,100,6,,N/A (No Votes),False
2011,Al Jefferson,0.0,0.008032682,100,6,,N/A (No Votes),False
2011,Richard Jefferson,0.0,0.0001269866,100,6,,N/A (No Votes),False
2011,Brandon Jennings,0.0,0.0038029351,100,6,,N/A (No Votes),False
2011,Joe Johnson,0.0,0.0023435615,100,6,,N/A (No Votes),False
2011,Andrei Kirilenko,0.0,0.00078226195,100,6,,N/A (No Votes),False
2011,David Lee,0.0,0.0055294298,100,6,,N/A (No Votes),False
2011,Brook Lopez,0.0,0.0049390374,100,6,,N/A (No Votes),False
2011,Kevin Love,0.0,0.014918285,100,6,,N/A (No Votes),False
2011,Kyle Lowry,0.0,0.0050343797,100,6,,N/A (No Votes),False
2011,Shawn Marion,0.0,0.00195381,100,6,,N/A (No Votes),False
2011,Kevin Martin,0.0,0.012201377,100,6,,N/A (No Votes),False
2011,Wesley Matthews,0.0,0.00443507,100,6,,N/A (No Votes),False
2011,Andre Miller,0.0,0.0028522809,100,6,,N/A (No Votes),False
2011,Paul Millsap,0.0,0.0059067304,100,6,,N/A (No Votes),False
2011,Anthony Morrow,0.0,0.0011495573,100,6,,N/A (No Votes),False
2011,Steve Nash,0.0,0.0043154764,100,6,,N/A (No Votes),False
2011,Jameer Nelson,0.0,0.004504035,100,6,,N/A (No Votes),False
2011,Dirk Nowitzki,0.093,0.027923383,6,6,0.0,Exact Match,True
2011,Lamar Odom,0.0,0.009400611,100,6,,N/A (No Votes),False
2011,Emeka Okafor,0.0,0.00063595455,100,6,,N/A (No Votes),False
2011,Tony Parker,0.002,0.006432191,100,6,-94.0,Off by >2,True
2011,Chris Paul,0.002,0.03501919,100,6,-94.0,Off by >2,True
2011,Paul Pierce,0.0,0.01433499,100,6,,N/A (No Votes),False
2011,Tayshaun Prince,0.0,0.0025943446,100,6,,N/A (No Votes),False
2011,Zach Randolph,0.0,0.01624265,100,6,,N/A (No Votes),False
2011,Jason Richardson,0.0,0.0041135587,100,6,,N/A (No Votes),False
2011,Luke Ridnour,0.0,0.0010075835,100,6,,N/A (No Votes),False
2011,Rajon Rondo,0.004,0.0014716912,100,6,-94.0,Off by >2,True
2011,John Salmons,0.0,0.0017750796,100,6,,N/A (No Votes),False
2011,Luis Scola,0.0,0.003375348,100,6,,N/A (No Votes),False
2011,Josh Smith,0.0,0.005599276,100,6,,N/A (No Votes),False
2011,Amar'e Stoudemire,0.007,0.005539912,100,6,-94.0,Off by >2,True
2011,Rodney Stuckey,0.0,0.0039121117,100,6,,N/A (No Votes),False
2011,Jason Terry,0.0,0.0037655977,100,6,,N/A (No Votes),False
2011,Hedo Türkoğlu,0.0,0.0001569062,100,6,,N/A (No Votes),False
2011,Beno Udrih,0.0,0.002853366,100,6,,N/A (No Votes),False
2011,John Wall,0.0,0.002296998,100,6,,N/A (No Votes),False
2011,Gerald Wallace,0.0,0.0047982223,100,6,,N/A (No Votes),False
2011,David West,0.0,0.008060851,100,6,,N/A (No Votes),False
2011,Russell Westbrook,0.0,0.013596288,100,6,,N/A (No Votes),False
2011,Deron Williams,0.0,0.0068390765,100,6,,N/A (No Votes),False
2011,Marvin Williams,0.0,0.00025829882,100,6,,N/A (No Votes),False
2011,Mo Williams,0.0,0.0013086993,100,6,,N/A (No Votes),False
2011,Dorell Wright,0.0,0.0037839208,100,6,,N/A (No Votes),False
2011,Nick Young,0.0,0.0019536817,100,6,,N/A (No Votes),False
2005,Kevin Garnett,0.012,0.39790848,100,1,-99.0,Off by >2,True
2005,LeBron James,0.073,0.22179417,6,2,-4.0,Off by >2,True
2005,Dirk Nowitzki,0.275,0.19132075,3,3,0.0,Exact Match,True
2005,Amar'e Stoudemire,0.032,0.069271415,100,4,-96.0,Off by >2,True
2005,Tim Duncan,0.258,0.046612393,4,5,1.0,Off by 1,True
2005,Ray Allen,0.032,0.020644356,100,6,-94.0,Off by >2,True
2005,Rafer Alston,0.0,0.0026729705,100,6,,N/A (No Votes),False
2005,Carmelo Anthony,0.0,0.0027470873,100,6,,N/A (No Votes),False
2005,Gilbert Arenas,0.003,0.023602042,100,6,-94.0,Off by >2,True
2005,Chucky Atkins,0.0,0.0011141101,100,6,,N/A (No Votes),False
2005,Raja Bell,0.0,0.0010534031,100,6,,N/A (No Votes),False
2005,Mike Bibby,0.0,0.007254868,100,6,,N/A (No Votes),False
2005,Chauncey Billups,0.0,0.018309841,100,6,,N/A (No Votes),False
2005,Chris Bosh,0.0,0.00528153,100,6,,N/A (No Votes),False
2005,Elton Brand,0.0,0.013747673,100,6,,N/A (No Votes),False
2005,Primož Brezec,0.0,0.002611444,100,6,,N/A (No Votes),False
2005,P.J. Brown,0.001,0.0039609135,100,6,-94.0,Off by >2,True
2005,Kobe Bryant,0.0,0.014511814,100,6,,N/A (No Votes),False
2005,Caron Butler,0.0,0.0040044053,100,6,,N/A (No Votes),False
2005,Marcus Camby,0.001,0.0013878656,100,6,-94.0,Off by >2,True
2005,Vince Carter,0.002,0.022283481,100,6,-94.0,Off by >2,True
2005,Josh Childress,0.0,0.00097339356,100,6,,N/A (No Votes),False
2005,Speedy Claxton,0.0,0.0021234844,100,6,,N/A (No Votes),False
2005,Jamal Crawford,0.0,0.00426491,100,6,,N/A (No Votes),False
2005,Eddy Curry,0.0,0.004071321,100,6,,N/A (No Votes),False
2005,Ricky Davis,0.0,0.0040088287,100,6,,N/A (No Votes),False
2005,Dan Dickau,0.0,0.0017968529,100,6,,N/A (No Votes),False
2005,Mike Dunleavy,0.0,0.0017164373,100,6,,N/A (No Votes),False
2005,Michael Finley,0.0,0.003440565,100,6,,N/A (No Votes),False
2005,Derek Fisher,0.0,0.0013229041,100,6,,N/A (No Votes),False
2005,Steve Francis,0.0,0.0069365357,100,6,,N/A (No Votes),False
2005,Manu Ginóbili,0.0,0.019125726,100,6,,N/A (No Votes),False
2005,Drew Gooden,0.0,0.005602769,100,6,,N/A (No Votes),False
2005,Richard Hamilton,0.0,0.0064070346,100,6,,N/A (No Votes),False
2005,Matt Harpring,0.0,0.0036697292,100,6,,N/A (No Votes),False
2005,Al Harrington,0.0,0.001188965,100,6,,N/A (No Votes),False
2005,Udonis Haslem,0.0,0.0036563044,100,6,,N/A (No Votes),False
2005,Grant Hill,0.0,0.008037091,100,6,,N/A (No Votes),False
2005,Kirk Hinrich,0.0,0.005235851,100,6,,N/A (No Votes),False
2005,Dwight Howard,0.0,0.0028874197,100,6,,N/A (No Votes),False
2005,Josh Howard,0.0,0.0025600211,100,6,,N/A (No Votes),False
2005,Larry Hughes,0.0,0.010452798,100,6,,N/A (No Votes),False
2005,Zydrunas Ilgauskas,0.0,0.006066259,100,6,,N/A (No Votes),False
2005,Allen Iverson,0.189,0.011977103,5,6,1.0,Off by 1,True
2005,Jim Jackson,0.0,0.00017790758,100,6,,N/A (No Votes),False
2005,Antawn Jamison,0.0,0.0028825405,100,6,,N/A (No Votes),False
2005,Joe Johnson,0.0,0.0054904637,100,6,,N/A (No Votes),False
2005,Damon Jones,0.0,0.00014721094,100,6,,N/A (No Votes),False
2005,Eddie Jones,0.0,0.004806034,100,6,,N/A (No Votes),False
2005,Fred Jones,0.0,0.0004054271,100,6,,N/A (No Votes),False
2005,Jason Kidd,0.0,0.005688771,100,6,,N/A (No Votes),False
2005,Brevin Knight,0.0,0.00096281146,100,6,,N/A (No Votes),False
2005,Kyle Korver,0.0,0.00020940694,100,6,,N/A (No Votes),False
2005,Rashard Lewis,0.0,0.009280926,100,6,,N/A (No Votes),False
2005,Tyronn Lue,0.0,0.0014124595,100,6,,N/A (No Votes),False
2005,Corey Maggette,0.0,0.010583829,100,6,,N/A (No Votes),False
2005,Stephon Marbury,0.0,0.016383972,100,6,,N/A (No Votes),False
2005,Shawn Marion,0.001,0.026696151,100,6,-94.0,Off by >2,True
2005,Kenyon Martin,0.0,0.0047524543,100,6,,N/A (No Votes),False
2005,Desmond Mason,0.0,0.0034374716,100,6,,N/A (No Votes),False
2005,Tracy McGrady,0.035,0.04481434,7,6,-1.0,Off by 1,True
2005,Jeff McInnis,0.0,0.0009195997,100,6,,N/A (No Votes),False
2005,Andre Miller,0.0,0.004209271,100,6,,N/A (No Votes),False
2005,Mike Miller,0.0,0.0052466663,100,6,,N/A (No Votes),False
2005,Reggie Miller,0.0,0.0030065435,100,6,,N/A (No Votes),False
2005,Yao Ming,0.0,0.010415891,100,6,,N/A (No Votes),False
2005,Cuttino Mobley,0.0,0.0036452317,100,6,,N/A (No Votes),False
2005,Troy Murphy,0.0,0.0036416173,100,6,,N/A (No Votes),False
2005,Lee Nailon,0.0,0.0019944184,100,6,,N/A (No Votes),False
2005,Steve Nash,0.839,0.014903724,1,6,5.0,Off by >2,True
2005,Shaquille O'Neal,0.813,0.03718139,2,6,4.0,Off by >2,True
2005,Lamar Odom,0.0,0.0042318627,100,6,,N/A (No Votes),False
2005,Emeka Okafor,0.0,0.0030673675,100,6,,N/A (No Votes),False
2005,Mehmet Okur,0.0,0.0030743466,100,6,,N/A (No Votes),False
2005,Tony Parker,0.0,0.006166394,100,6,,N/A (No Votes),False
2005,Ruben Patterson,0.0,0.0013116293,100,6,,N/A (No Votes),False
2005,Gary Payton,0.0,0.0030801834,100,6,,N/A (No Votes),False
2005,Morris Peterson,0.0,0.0027631787,100,6,,N/A (No Votes),False
2005,Paul Pierce,0.0,0.013837304,100,6,,N/A (No Votes),False
2005,Tayshaun Prince,0.0,0.0059456103,100,6,,N/A (No Votes),False
2005,Vladimir Radmanović,0.0,0.0005268415,100,6,,N/A (No Votes),False
2005,Michael Redd,0.0,0.003850596,100,6,,N/A (No Votes),False
2005,Jason Richardson,0.0,0.0049566706,100,6,,N/A (No Votes),False
2005,Quentin Richardson,0.0,0.0019316302,100,6,,N/A (No Votes),False
2005,Luke Ridnour,0.0,0.0005671288,100,6,,N/A (No Votes),False
2005,Jalen Rose,0.0,0.0040262546,100,6,,N/A (No Votes),False
2005,Bobby Simmons,0.0,0.0048948824,100,6,,N/A (No Votes),False
2005,Joe Smith,0.0,0.0031550901,100,6,,N/A (No Votes),False
2005,Latrell Sprewell,0.0,0.0013465194,100,6,,N/A (No Votes),False
2005,Peja Stojaković,0.0,0.005502242,100,6,,N/A (No Votes),False
2005,Damon Stoudamire,0.0,0.003646072,100,6,,N/A (No Votes),False
2005,Bob Sura,0.0,0.00028887924,100,6,,N/A (No Votes),False
2005,Wally Szczerbiak,0.0,0.004641317,100,6,,N/A (No Votes),False
2005,Jason Terry,0.0,0.0022236481,100,6,,N/A (No Votes),False
2005,Kenny Thomas,0.0,0.0015978081,100,6,,N/A (No Votes),False
2005,Kurt Thomas,0.0,0.0014903148,100,6,,N/A (No Votes),False
2005,Dwyane Wade,0.034,0.02034749,100,6,-94.0,Off by >2,True
2005,Antoine Walker,0.0,0.0011093979,100,6,,N/A (No Votes),False
2005,Gerald Wallace,0.0,0.0017106874,100,6,,N/A (No Votes),False
2005,Rasheed Wallace,0.0,0.0048022154,100,6,,N/A (No Votes),False
2005,Chris Webber,0.0,0.0016658722,100,6,,N/A (No Votes),False
2005,David Wesley,0.0,0.0022877478,100,6,,N/A (No Votes),False
2005,Mo Williams,0.0,0.0008825857,100,6,,N/A (No Votes),False
2003,Tracy McGrady,0.359,0.3758881,4,1,-3.0,Off by >2,True
2003,Kevin Garnett,0.732,0.22762033,2,2,0.0,Exact Match,True
2003,Tim Duncan,0.808,0.22407356,1,3,2.0,Off by 2,True
2003,Dirk Nowitzki,0.036,0.18048224,7,4,-3.0,Off by >2,True
2003,Kobe Bryant,0.417,0.1112814,3,5,2.0,Off by 2,True
2003,Shareef Abdur-Rahim,0.0,0.0077066226,100,6,,N/A (No Votes),False
2003,Ray Allen,0.0,0.009581728,100,6,,N/A (No Votes),False
2003,Derek Anderson,0.0,0.005543494,100,6,,N/A (No Votes),False
2003,Gilbert Arenas,0.0,0.0050670635,100,6,,N/A (No Votes),False
2003,Brent Barry,0.0,6.0593422e-05,100,6,,N/A (No Votes),False
2003,Chauncey Billups,0.0,0.010460441,100,6,,N/A (No Votes),False
2003,Elton Brand,0.0,0.0063673733,100,6,,N/A (No Votes),False
2003,P.J. Brown,0.0,0.00088912726,100,6,,N/A (No Votes),False
2003,Caron Butler,0.0,0.004030217,100,6,,N/A (No Votes),False
2003,Sam Cassell,0.0,0.007214349,100,6,,N/A (No Votes),False
2003,Ricky Davis,0.0,0.0016511909,100,6,,N/A (No Votes),False
2003,Michael Finley,0.0,0.006074844,100,6,,N/A (No Votes),False
2003,Derek Fisher,0.0,0.00052824995,100,6,,N/A (No Votes),False
2003,Steve Francis,0.0,0.010605225,100,6,,N/A (No Votes),False
2003,Pat Garrity,0.0,0.00015987246,100,6,,N/A (No Votes),False
2003,Pau Gasol,0.0,0.006789086,100,6,,N/A (No Votes),False
2003,Gordan Giriček,0.0,0.0020072276,100,6,,N/A (No Votes),False
2003,Brian Grant,0.0,0.0011543877,100,6,,N/A (No Votes),False
2003,Richard Hamilton,0.0,0.006727728,100,6,,N/A (No Votes),False
2003,Anfernee Hardaway,0.0,0.00067143945,100,6,,N/A (No Votes),False
2003,Matt Harpring,0.0,0.0061529544,100,6,,N/A (No Votes),False
2003,Al Harrington,0.0,0.0009365162,100,6,,N/A (No Votes),False
2003,Nenê,0.0,0.0010167127,100,6,,N/A (No Votes),False
2003,Allan Houston,0.0,0.0059186956,100,6,,N/A (No Votes),False
2003,Juwan Howard,0.0,0.0060448432,100,6,,N/A (No Votes),False
2003,Troy Hudson,0.0,0.0017207289,100,6,,N/A (No Votes),False
2003,Larry Hughes,0.0,0.0011795722,100,6,,N/A (No Votes),False
2003,Zydrunas Ilgauskas,0.0,0.004972064,100,6,,N/A (No Votes),False
2003,Allen Iverson,0.07,0.011234641,6,6,0.0,Exact Match,True
2003,Bobby Jackson,0.0,0.0030723598,100,6,,N/A (No Votes),False
2003,Stephen Jackson,0.0,0.0014150755,100,6,,N/A (No Votes),False
2003,Antawn Jamison,0.0,0.0076832585,100,6,,N/A (No Votes),False
2003,Richard Jefferson,0.0,0.0061513707,100,6,,N/A (No Votes),False
2003,Michael Jordan,0.0,0.004927077,100,6,,N/A (No Votes),False
2003,Jason Kidd,0.026,0.01605696,100,6,-94.0,Off by >2,True
2003,Kerry Kittles,0.0,0.0019490765,100,6,,N/A (No Votes),False
2003,Voshon Lenard,0.0,0.0010510425,100,6,,N/A (No Votes),False
2003,Rashard Lewis,0.0,0.005220178,100,6,,N/A (No Votes),False
2003,Corey Maggette,0.0,0.003920436,100,6,,N/A (No Votes),False
2003,Jamaal Magloire,0.0,0.00085227017,100,6,,N/A (No Votes),False
2003,Karl Malone,0.0,0.011830824,100,6,,N/A (No Votes),False
2003,Stephon Marbury,0.0,0.012891169,100,6,,N/A (No Votes),False
2003,Shawn Marion,0.0,0.035516944,100,6,,N/A (No Votes),False
2003,Donyell Marshall,0.0,0.002641074,100,6,,N/A (No Votes),False
2003,Kenyon Martin,0.0,0.005247524,100,6,,N/A (No Votes),False
2003,Jamal Mashburn,0.001,0.01100212,100,6,-94.0,Off by >2,True
2003,Desmond Mason,0.0,0.0029099542,100,6,,N/A (No Votes),False
2003,Andre Miller,0.0,0.0020891249,100,6,,N/A (No Votes),False
2003,Brad Miller,0.0,0.008087504,100,6,,N/A (No Votes),False
2003,Mike Miller,0.0,0.001875574,100,6,,N/A (No Votes),False
2003,Reggie Miller,0.0,0.0005811022,100,6,,N/A (No Votes),False
2003,Yao Ming,0.0,0.004157381,100,6,,N/A (No Votes),False
2003,Cuttino Mobley,0.0,0.0045188935,100,6,,N/A (No Votes),False
2003,Troy Murphy,0.0,0.0029031124,100,6,,N/A (No Votes),False
2003,Steve Nash,0.001,0.011531259,100,6,-94.0,Off by >2,True
2003,Rasho Nesterović,0.0,0.0024342649,100,6,,N/A (No Votes),False
2003,Jermaine O'Neal,0.0,0.011573136,100,6,,N/A (No Votes),False
2003,Shaquille O'Neal,0.106,0.05213065,5,6,1.0,Off by 1,True
2003,Tony Parker,0.0,0.0045910426,100,6,,N/A (No Votes),False
2003,Gary Payton,0.0,0.012321717,100,6,,N/A (No Votes),False
2003,Wesley Person,0.0,0.00023617702,100,6,,N/A (No Votes),False
2003,Morris Peterson,0.0,0.0013857754,100,6,,N/A (No Votes),False
2003,Paul Pierce,0.001,0.018500604,100,6,-94.0,Off by >2,True
2003,Scottie Pippen,0.0,0.00048952486,100,6,,N/A (No Votes),False
2003,James Posey,0.0,0.0005847187,100,6,,N/A (No Votes),False
2003,Michael Redd,0.0,0.007849232,100,6,,N/A (No Votes),False
2003,Jason Richardson,0.0,0.0026289972,100,6,,N/A (No Votes),False
2003,Clifford Robinson,0.0,0.0015949238,100,6,,N/A (No Votes),False
2003,Glenn Robinson,0.0,0.0013333809,100,6,,N/A (No Votes),False
2003,Jalen Rose,0.0,0.0014578474,100,6,,N/A (No Votes),False
2003,Eric Snow,0.0,0.0031208494,100,6,,N/A (No Votes),False
2003,Latrell Sprewell,0.0,0.0026143047,100,6,,N/A (No Votes),False
2003,Jerry Stackhouse,0.0,0.007770258,100,6,,N/A (No Votes),False
2003,Peja Stojaković,0.0,0.009054062,100,6,,N/A (No Votes),False
2003,Amar'e Stoudemire,0.0,0.003229953,100,6,,N/A (No Votes),False
2003,Jason Terry,0.0,0.0047778953,100,6,,N/A (No Votes),False
2003,Kenny Thomas,0.0,0.0006669715,100,6,,N/A (No Votes),False
2003,Kurt Thomas,0.0,0.0035425485,100,6,,N/A (No Votes),False
2003,Tim Thomas,0.0,0.0010980027,100,6,,N/A (No Votes),False
2003,Keith Van Horn,0.0,0.0042290804,100,6,,N/A (No Votes),False
2003,Antoine Walker,0.0,0.0014239387,100,6,,N/A (No Votes),False
2003,Rasheed Wallace,0.0,0.0064114863,100,6,,N/A (No Votes),False
2003,Chris Webber,0.016,0.0070933714,100,6,-94.0,Off by >2,True
2003,Bonzi Wells,0.0,0.0031898178,100,6,,N/A (No Votes),False
2003,David Wesley,0.0,0.0045280987,100,6,,N/A (No Votes),False
2003,Alvin Williams,0.0,0.0021878672,100,6,,N/A (No Votes),False
2003,Jason Williams,0.0,0.0008273929,100,6,,N/A (No Votes),False
2003,Metta World Peace,0.0,0.0048573627,100,6,,N/A (No Votes),False
2003,Lorenzen Wright,0.0,0.0017301537,100,6,,N/A (No Votes),False
2001,Shaquille O'Neal,0.466,0.114654504,3,1,-2.0,Off by 2,True
2001,Vince Carter,0.006,0.048311546,100,2,-98.0,Off by >2,True
2001,Tracy McGrady,0.052,0.036002826,6,3,-3.0,Off by >2,True
2001,Dirk Nowitzki,0.0,0.028883938,100,4,,N/A (No Votes),False
2001,Allen Iverson,0.904,0.02656711,1,5,4.0,Off by >2,True
2001,Shareef Abdur-Rahim,0.0,0.0072540916,100,6,,N/A (No Votes),False
2001,Ray Allen,0.006,0.023272894,100,6,-94.0,Off by >2,True
2001,Derek Anderson,0.0,0.005062595,100,6,,N/A (No Votes),False
2001,Darrell Armstrong,0.0,0.0045299577,100,6,,N/A (No Votes),False
2001,Chucky Atkins,0.0,0.0012309597,100,6,,N/A (No Votes),False
2001,Vin Baker,0.0,0.0024569635,100,6,,N/A (No Votes),False
2001,Travis Best,0.0,0.0033717374,100,6,,N/A (No Votes),False
2001,Mike Bibby,0.0,0.0030371074,100,6,,N/A (No Votes),False
2001,Mookie Blaylock,0.0,0.0007128672,100,6,,N/A (No Votes),False
2001,Elton Brand,0.0,0.00528153,100,6,,N/A (No Votes),False
2001,Terrell Brandon,0.0,0.005776519,100,6,,N/A (No Votes),False
2001,Kobe Bryant,0.009,0.019235114,100,6,-94.0,Off by >2,True
2001,Marcus Camby,0.0,0.0017233732,100,6,,N/A (No Votes),False
2001,Elden Campbell,0.0,0.002350418,100,6,,N/A (No Votes),False
2001,Sam Cassell,0.0,0.0052732066,100,6,,N/A (No Votes),False
2001,Doug Christie,0.0,0.0021805333,100,6,,N/A (No Votes),False
2001,Antonio Davis,0.0,0.0032038062,100,6,,N/A (No Votes),False
2001,Baron Davis,0.0,0.003498431,100,6,,N/A (No Votes),False
2001,Michael Dickerson,0.0,0.0012769436,100,6,,N/A (No Votes),False
2001,Vlade Divac,0.0,0.0044519664,100,6,,N/A (No Votes),False
2001,Tim Duncan,0.569,0.02462504,2,6,4.0,Off by >2,True
2001,Michael Finley,0.001,0.008017863,100,6,-94.0,Off by >2,True
2001,Steve Francis,0.0,0.012787141,100,6,,N/A (No Votes),False
2001,Kevin Garnett,0.122,0.022047969,5,6,1.0,Off by 1,True
2001,Brian Grant,0.0,0.0049281805,100,6,,N/A (No Votes),False
2001,Richard Hamilton,0.0,0.0011609525,100,6,,N/A (No Votes),False
2001,Tim Hardaway,0.0,0.0021766422,100,6,,N/A (No Votes),False
2001,Allan Houston,0.0,0.004756592,100,6,,N/A (No Votes),False
2001,Juwan Howard,0.0,0.0020352993,100,6,,N/A (No Votes),False
2001,Antawn Jamison,0.0,0.0027347459,100,6,,N/A (No Votes),False
2001,Eddie Jones,0.0,0.0056819404,100,6,,N/A (No Votes),False
2001,Jason Kidd,0.015,0.0063685053,100,6,-94.0,Off by >2,True
2001,Raef LaFrentz,0.0,0.0018458677,100,6,,N/A (No Votes),False
2001,Voshon Lenard,0.0,0.00059838063,100,6,,N/A (No Votes),False
2001,Rashard Lewis,0.0,0.002709178,100,6,,N/A (No Votes),False
2001,Karl Malone,0.017,0.025226122,7,6,-1.0,Off by 1,True
2001,Stephon Marbury,0.0,0.0093347,100,6,,N/A (No Votes),False
2001,Shawn Marion,0.0,0.01029899,100,6,,N/A (No Votes),False
2001,Donyell Marshall,0.0,0.005870354,100,6,,N/A (No Votes),False
2001,Kenyon Martin,0.0,0.0015758121,100,6,,N/A (No Votes),False
2001,Jamal Mashburn,0.0,0.0063901427,100,6,,N/A (No Votes),False
2001,Anthony Mason,0.001,0.0067638373,100,6,-94.0,Off by >2,True
2001,Antonio McDyess,0.0,0.007419603,100,6,,N/A (No Votes),False
2001,Jeff McInnis,0.0,0.001457424,100,6,,N/A (No Votes),False
2001,Aaron McKie,0.0,0.0015175693,100,6,,N/A (No Votes),False
2001,Ron Mercer,0.0,0.0007844185,100,6,,N/A (No Votes),False
2001,Andre Miller,0.0,0.0051171104,100,6,,N/A (No Votes),False
2001,Mike Miller,0.0,0.000619937,100,6,,N/A (No Votes),False
2001,Reggie Miller,0.0,0.0066003306,100,6,,N/A (No Votes),False
2001,Cuttino Mobley,0.0,0.0054785493,100,6,,N/A (No Votes),False
2001,Lamond Murray,0.0,0.0015041158,100,6,,N/A (No Votes),False
2001,Dikembe Mutombo,0.0,0.00047119436,100,6,,N/A (No Votes),False
2001,Steve Nash,0.0,0.0036192122,100,6,,N/A (No Votes),False
2001,Jermaine O'Neal,0.0,0.00248197,100,6,,N/A (No Votes),False
2001,Lamar Odom,0.0,0.005256054,100,6,,N/A (No Votes),False
2001,Gary Payton,0.0,0.017885705,100,6,,N/A (No Votes),False
2001,Anthony Peeler,0.0,0.0002258369,100,6,,N/A (No Votes),False
2001,Paul Pierce,0.004,0.013278208,100,6,-94.0,Off by >2,True
2001,Scottie Pippen,0.0,0.0005083672,100,6,,N/A (No Votes),False
2001,Glen Rice,0.0,0.0012839206,100,6,,N/A (No Votes),False
2001,Clifford Robinson,0.0,0.0036071008,100,6,,N/A (No Votes),False
2001,David Robinson,0.006,0.017974252,100,6,-94.0,Off by >2,True
2001,Glenn Robinson,0.0,0.0035817744,100,6,,N/A (No Votes),False
2001,Jalen Rose,0.0,0.006587006,100,6,,N/A (No Votes),False
2001,Bryon Russell,0.0,0.0008639699,100,6,,N/A (No Votes),False
2001,Joe Smith,0.0,0.0010327267,100,6,,N/A (No Votes),False
2001,Steve Smith,0.0,0.0044098306,100,6,,N/A (No Votes),False
2001,Latrell Sprewell,0.0,0.0043426417,100,6,,N/A (No Votes),False
2001,Jerry Stackhouse,0.002,0.013471373,100,6,-94.0,Off by >2,True
2001,John Stockton,0.001,0.00024290818,100,6,-94.0,Off by >2,True
2001,Peja Stojaković,0.0,0.0073413705,100,6,,N/A (No Votes),False
2001,Damon Stoudamire,0.0,0.0016572041,100,6,,N/A (No Votes),False
2001,Wally Szczerbiak,0.0,0.0029553813,100,6,,N/A (No Votes),False
2001,Maurice Taylor,0.0,0.0014793483,100,6,,N/A (No Votes),False
2001,Jason Terry,0.0,0.0052314815,100,6,,N/A (No Votes),False
2001,Nick Van Exel,0.0,0.004410588,100,6,,N/A (No Votes),False
2001,Antoine Walker,0.0,0.005592096,100,6,,N/A (No Votes),False
2001,Rasheed Wallace,0.0,0.01045312,100,6,,N/A (No Votes),False
2001,Clarence Weatherspoon,0.0,0.0025568353,100,6,,N/A (No Votes),False
2001,Chris Webber,0.42,0.023542315,4,6,2.0,Off by 2,True
2001,David Wesley,0.0,0.004582452,100,6,,N/A (No Votes),False
2001,Aaron Williams,0.0,0.0006204256,100,6,,N/A (No Votes),False
2001,Metta World Peace,0.0,0.001544108,100,6,,N/A (No Votes),False
2001,Lorenzen Wright,0.0,0.0009507939,100,6,,N/A (No Votes),False
1996,Michael Jordan,0.986,0.7950445,1,1,0.0,Exact Match,True
1996,David Robinson,0.508,0.46325973,2,2,0.0,Exact Match,True
1996,Karl Malone,0.075,0.16891083,7,3,-4.0,Off by >2,True
1996,Anfernee Hardaway,0.319,0.070274025,3,4,1.0,Off by 1,True
1996,Terrell Brandon,0.003,0.043861713,100,5,-95.0,Off by >2,True
1996,Kenny Anderson,0.0,0.0059764963,100,6,,N/A (No Votes),False
1996,Nick Anderson,0.0,0.0039852406,100,6,,N/A (No Votes),False
1996,Greg Anthony,0.0,0.0027748249,100,6,,N/A (No Votes),False
1996,Stacey Augmon,0.0,0.0026809592,100,6,,N/A (No Votes),False
1996,Vin Baker,0.0,0.0033622778,100,6,,N/A (No Votes),False
1996,Charles Barkley,0.007,0.02105685,100,6,-94.0,Off by >2,True
1996,Dana Barros,0.0,0.0029989977,100,6,,N/A (No Votes),False
1996,Mookie Blaylock,0.0,0.016165419,100,6,,N/A (No Votes),False
1996,Shawn Bradley,0.0,0.0011570299,100,6,,N/A (No Votes),False
1996,P.J. Brown,0.0,0.0015726674,100,6,,N/A (No Votes),False
1996,Elden Campbell,0.0,0.005498494,100,6,,N/A (No Votes),False
1996,Cedric Ceballos,0.0,0.014840186,100,6,,N/A (No Votes),False
1996,Calbert Cheaney,0.0,0.0025751488,100,6,,N/A (No Votes),False
1996,Chris Childs,0.0,0.004420988,100,6,,N/A (No Votes),False
1996,Bimbo Coles,0.0,0.00093639846,100,6,,N/A (No Votes),False
1996,Dell Curry,0.0,0.0025802501,100,6,,N/A (No Votes),False
1996,Dale Davis,0.0,0.0015160325,100,6,,N/A (No Votes),False
1996,Vinny Del Negro,0.0,0.00525636,100,6,,N/A (No Votes),False
1996,Bison Dele,0.0,0.004394474,100,6,,N/A (No Votes),False
1996,Vlade Divac,0.0,0.0035116598,100,6,,N/A (No Votes),False
1996,Sherman Douglas,0.0,0.0017654015,100,6,,N/A (No Votes),False
1996,Joe Dumars,0.0,0.00038706875,100,6,,N/A (No Votes),False
1996,Tyus Edney,0.0,0.00090213504,100,6,,N/A (No Votes),False
1996,Blue Edwards,0.0,0.0012362059,100,6,,N/A (No Votes),False
1996,Sean Elliott,0.0,0.006532775,100,6,,N/A (No Votes),False
1996,Dale Ellis,0.0,0.0032234613,100,6,,N/A (No Votes),False
1996,Patrick Ewing,0.0,0.0045443787,100,6,,N/A (No Votes),False
1996,Danny Ferry,0.0,0.0013404877,100,6,,N/A (No Votes),False
1996,Michael Finley,0.0,0.004347716,100,6,,N/A (No Votes),False
1996,Rick Fox,0.0,0.0030143778,100,6,,N/A (No Votes),False
1996,Kevin Garnett,0.0,0.0017395712,100,6,,N/A (No Votes),False
1996,Matt Geiger,0.0,0.0017497169,100,6,,N/A (No Votes),False
1996,Armen Gilliam,0.0,0.0069842264,100,6,,N/A (No Votes),False
1996,Brian Grant,0.0,0.0037071086,100,6,,N/A (No Votes),False
1996,Horace Grant,0.0,0.0048861983,100,6,,N/A (No Votes),False
1996,Tom Gugliotta,0.0,0.0050060027,100,6,,N/A (No Votes),False
1996,Tim Hardaway,0.0,0.005186396,100,6,,N/A (No Votes),False
1996,Derek Harper,0.0,0.0028870218,100,6,,N/A (No Votes),False
1996,Hersey Hawkins,0.0,0.0059757177,100,6,,N/A (No Votes),False
1996,Grant Hill,0.056,0.01793676,100,6,-94.0,Off by >2,True
1996,Jeff Hornacek,0.0,0.0086933095,100,6,,N/A (No Votes),False
1996,Robert Horry,0.0,0.0007981107,100,6,,N/A (No Votes),False
1996,Allan Houston,0.0,0.0062477626,100,6,,N/A (No Votes),False
1996,Juwan Howard,0.0,0.0023423545,100,6,,N/A (No Votes),False
1996,Jim Jackson,0.0,0.003934245,100,6,,N/A (No Votes),False
1996,Mark Jackson,0.0,0.0001880386,100,6,,N/A (No Votes),False
1996,Avery Johnson,0.0,0.005159183,100,6,,N/A (No Votes),False
1996,Larry Johnson,0.0,0.011197813,100,6,,N/A (No Votes),False
1996,Eddie Jones,0.0,0.0035971077,100,6,,N/A (No Votes),False
1996,Popeye Jones,0.0,0.001023198,100,6,,N/A (No Votes),False
1996,Shawn Kemp,0.065,0.013694333,100,6,-94.0,Off by >2,True
1996,Jason Kidd,0.0,0.005560441,100,6,,N/A (No Votes),False
1996,Christian Laettner,0.0,0.0049507315,100,6,,N/A (No Votes),False
1996,Andrew Lang,0.0,0.001553335,100,6,,N/A (No Votes),False
1996,Grant Long,0.0,0.0039566928,100,6,,N/A (No Votes),False
1996,Dan Majerle,0.0,0.0001401952,100,6,,N/A (No Votes),False
1996,Anthony Mason,0.0,0.0069652232,100,6,,N/A (No Votes),False
1996,Vernon Maxwell,0.0,0.001664099,100,6,,N/A (No Votes),False
1996,George McCloud,0.0,0.0064368886,100,6,,N/A (No Votes),False
1996,Antonio McDyess,0.0,0.0030866694,100,6,,N/A (No Votes),False
1996,Derrick McKey,0.0,0.0030294433,100,6,,N/A (No Votes),False
1996,Oliver Miller,0.0,0.0024743704,100,6,,N/A (No Votes),False
1996,Reggie Miller,0.0,0.012597209,100,6,,N/A (No Votes),False
1996,Chris Mills,0.0,0.0047795256,100,6,,N/A (No Votes),False
1996,Alonzo Mourning,0.005,0.020446692,100,6,-94.0,Off by >2,True
1996,Gheorghe Mureșan,0.0,0.0058318363,100,6,,N/A (No Votes),False
1996,Tracy Murray,0.0,0.0034904114,100,6,,N/A (No Votes),False
1996,Dikembe Mutombo,0.0,0.0022627756,100,6,,N/A (No Votes),False
1996,Johnny Newman,0.0,0.000640799,100,6,,N/A (No Votes),False
1996,Hakeem Olajuwon,0.211,0.017468251,4,6,2.0,Off by 2,True
1996,Billy Owens,0.0,0.002406954,100,6,,N/A (No Votes),False
1996,Gary Payton,0.087,0.02191631,6,6,0.0,Exact Match,True
1996,Wesley Person,0.0,0.0011400122,100,6,,N/A (No Votes),False
1996,Bobby Phills,0.0,0.0044655004,100,6,,N/A (No Votes),False
1996,Scottie Pippen,0.2,0.04281346,5,6,1.0,Off by 1,True
1996,Olden Polynice,0.0,0.0017894991,100,6,,N/A (No Votes),False
1996,Bryant Reeves,0.0,0.0020701038,100,6,,N/A (No Votes),False
1996,Glen Rice,0.0,0.009092767,100,6,,N/A (No Votes),False
1996,Pooh Richardson,0.0,0.0011663495,100,6,,N/A (No Votes),False
1996,Mitch Richmond,0.003,0.012865043,100,6,-94.0,Off by >2,True
1996,Isaiah Rider,0.0,0.0015820271,100,6,,N/A (No Votes),False
1996,Clifford Robinson,0.0,0.00996444,100,6,,N/A (No Votes),False
1996,Glenn Robinson,0.0,0.0018199198,100,6,,N/A (No Votes),False
1996,Rodney Rogers,0.0,0.0013271122,100,6,,N/A (No Votes),False
1996,Detlef Schrempf,0.0,0.006560363,100,6,,N/A (No Votes),False
1996,Dennis Scott,0.0,0.0065720617,100,6,,N/A (No Votes),False
1996,Rony Seikaly,0.0,0.0010245293,100,6,,N/A (No Votes),False
1996,Joe Smith,0.0,0.0048084613,100,6,,N/A (No Votes),False
1996,Steve Smith,0.0,0.005928894,100,6,,N/A (No Votes),False
1996,Rik Smits,0.0,0.0049035186,100,6,,N/A (No Votes),False
1996,Latrell Sprewell,0.0,0.0061395904,100,6,,N/A (No Votes),False
1996,Jerry Stackhouse,0.0,0.0016756718,100,6,,N/A (No Votes),False
1996,John Starks,0.0,0.0031190624,100,6,,N/A (No Votes),False
1996,Bryant Stith,0.0,0.0032408515,100,6,,N/A (No Votes),False
1996,John Stockton,0.011,0.015252991,100,6,-94.0,Off by >2,True
1996,Damon Stoudamire,0.0,0.0031233632,100,6,,N/A (No Votes),False
1996,Rod Strickland,0.0,0.0076218517,100,6,,N/A (No Votes),False
1996,Otis Thorpe,0.0,0.004809547,100,6,,N/A (No Votes),False
1996,Nick Van Exel,0.0,0.0031159786,100,6,,N/A (No Votes),False
1996,Loy Vaught,0.0,0.00514491,100,6,,N/A (No Votes),False
1996,Clarence Weatherspoon,0.0,0.005652308,100,6,,N/A (No Votes),False
1996,Walt Williams,0.0,0.0022343409,100,6,,N/A (No Votes),False
1996,Kevin Willis,0.0,0.0025472026,100,6,,N/A (No Votes),False
1989,Michael Jordan,0.704,0.6380075,2,1,-1.0,Off by 1,True
1989,Magic Johnson,0.782,0.13002352,1,2,1.0,Off by 1,True
1989,Charles Barkley,0.111,0.08071997,6,3,-3.0,Off by >2,True
1989,Karl Malone,0.426,0.052385613,3,4,1.0,Off by 1,True
1989,Clyde Drexler,0.0,0.049419753,100,5,,N/A (No Votes),False
1989,Michael Adams,0.0,0.0062720985,100,6,,N/A (No Votes),False
1989,Mark Aguirre,0.0,0.004685668,100,6,,N/A (No Votes),False
1989,Danny Ainge,0.0,0.0048851883,100,6,,N/A (No Votes),False
1989,Greg Anderson,0.0,0.0013132655,100,6,,N/A (No Votes),False
1989,Ron Anderson,0.0,0.003959864,100,6,,N/A (No Votes),False
1989,Willie Anderson,0.0,0.005303042,100,6,,N/A (No Votes),False
1989,Thurl Bailey,0.0,0.0058991453,100,6,,N/A (No Votes),False
1989,Benoit Benjamin,0.0,0.0041276813,100,6,,N/A (No Votes),False
1989,Rolando Blackman,0.0,0.004777217,100,6,,N/A (No Votes),False
1989,Frank Brickowski,0.0,0.0013464522,100,6,,N/A (No Votes),False
1989,Michael Cage,0.0,0.00015514916,100,6,,N/A (No Votes),False
1989,Joe Barry Carroll,0.0,0.0013183723,100,6,,N/A (No Votes),False
1989,Bill Cartwright,0.0,0.0027451366,100,6,,N/A (No Votes),False
1989,Tom Chambers,0.024,0.009407513,100,6,-94.0,Off by >2,True
1989,Rex Chapman,0.0,0.00094964047,100,6,,N/A (No Votes),False
1989,Maurice Cheeks,0.0,0.0009268483,100,6,,N/A (No Votes),False
1989,Lester Conner,0.0,0.00011305248,100,6,,N/A (No Votes),False
1989,Terry Cummings,0.001,0.007506651,100,6,-94.0,Off by >2,True
1989,Adrian Dantley,0.0,0.0064575514,100,6,,N/A (No Votes),False
1989,Brad Daugherty,0.005,0.0071912473,100,6,-94.0,Off by >2,True
1989,Kevin Duckworth,0.0,0.0029487961,100,6,,N/A (No Votes),False
1989,Joe Dumars,0.001,0.0049052336,100,6,-94.0,Off by >2,True
1989,Kevin Edwards,0.0,0.001155947,100,6,,N/A (No Votes),False
1989,Dale Ellis,0.0,0.016398963,100,6,,N/A (No Votes),False
1989,Alex English,0.0,0.0032538038,100,6,,N/A (No Votes),False
1989,Patrick Ewing,0.235,0.01753056,4,6,2.0,Off by 2,True
1989,Vern Fleming,0.0,0.0024932069,100,6,,N/A (No Votes),False
1989,Sleepy Floyd,0.0,0.003655648,100,6,,N/A (No Votes),False
1989,Winston Garland,0.0,0.0026246572,100,6,,N/A (No Votes),False
1989,Armen Gilliam,0.0,0.0036431162,100,6,,N/A (No Votes),False
1989,Mike Gminski,0.0,0.004802142,100,6,,N/A (No Votes),False
1989,Horace Grant,0.0,0.0024707962,100,6,,N/A (No Votes),False
1989,A.C. Green,0.0,0.0038578897,100,6,,N/A (No Votes),False
1989,Darrell Griffith,0.0,0.00081572775,100,6,,N/A (No Votes),False
1989,Derek Harper,0.0,0.0057864543,100,6,,N/A (No Votes),False
1989,Ron Harper,0.0,0.009192451,100,6,,N/A (No Votes),False
1989,Hersey Hawkins,0.0,0.00168984,100,6,,N/A (No Votes),False
1989,Roy Hinson,0.0,0.0031569689,100,6,,N/A (No Votes),False
1989,Jeff Hornacek,0.0,0.006261512,100,6,,N/A (No Votes),False
1989,Jay Humphries,0.0,0.0005791392,100,6,,N/A (No Votes),False
1989,Mark Jackson,0.0,0.0053694807,100,6,,N/A (No Votes),False
1989,Dennis Johnson,0.0,0.00012537838,100,6,,N/A (No Votes),False
1989,Eddie Johnson,0.0,0.009042692,100,6,,N/A (No Votes),False
1989,Kevin Johnson,0.026,0.011937926,100,6,-94.0,Off by >2,True
1989,Jerome Kersey,0.0,0.005297647,100,6,,N/A (No Votes),False
1989,Bernard King,0.0,0.004183086,100,6,,N/A (No Votes),False
1989,Larry Krystkowiak,0.0,0.0035539304,100,6,,N/A (No Votes),False
1989,Bill Laimbeer,0.0,0.006703653,100,6,,N/A (No Votes),False
1989,Fat Lever,0.0,0.011123267,100,6,,N/A (No Votes),False
1989,Reggie Lewis,0.0,0.005426696,100,6,,N/A (No Votes),False
1989,Grant Long,0.0,0.00093496713,100,6,,N/A (No Votes),False
1989,Jeff Malone,0.0,0.0018264827,100,6,,N/A (No Votes),False
1989,Moses Malone,0.004,0.010668525,100,6,-94.0,Off by >2,True
1989,Rodney McCray,0.0,0.001743514,100,6,,N/A (No Votes),False
1989,Xavier McDaniel,0.0,0.003757016,100,6,,N/A (No Votes),False
1989,Kevin McHale,0.0,0.010624586,100,6,,N/A (No Votes),False
1989,Derrick McKey,0.0,0.0045489324,100,6,,N/A (No Votes),False
1989,Reggie Miller,0.0,0.0029387497,100,6,,N/A (No Votes),False
1989,Chris Mullin,0.004,0.018777361,100,6,-94.0,Off by >2,True
1989,Larry Nance,0.004,0.0086048385,100,6,-94.0,Off by >2,True
1989,Johnny Newman,0.0,0.0030808921,100,6,,N/A (No Votes),False
1989,Ken Norman,0.0,0.002679207,100,6,,N/A (No Votes),False
1989,Charles Oakley,0.0,0.002582056,100,6,,N/A (No Votes),False
1989,Hakeem Olajuwon,0.211,0.035477906,5,6,1.0,Off by 1,True
1989,Robert Parish,0.005,0.008482836,100,6,-94.0,Off by >2,True
1989,Sam Perkins,0.0,0.003693025,100,6,,N/A (No Votes),False
1989,Chuck Person,0.0,0.0013456835,100,6,,N/A (No Votes),False
1989,Scottie Pippen,0.0,0.0021673522,100,6,,N/A (No Votes),False
1989,Terry Porter,0.0,0.0063714776,100,6,,N/A (No Votes),False
1989,Paul Pressey,0.0,0.0010481597,100,6,,N/A (No Votes),False
1989,Harold Pressley,0.0,0.00030901053,100,6,,N/A (No Votes),False
1989,Mark Price,0.021,0.011644562,100,6,-94.0,Off by >2,True
1989,Kurt Rambis,0.0,0.00036568032,100,6,,N/A (No Votes),False
1989,Mitch Richmond,0.0,0.0043427544,100,6,,N/A (No Votes),False
1989,Doc Rivers,0.0,0.0023075563,100,6,,N/A (No Votes),False
1989,Alvin Robertson,0.0,0.005158466,100,6,,N/A (No Votes),False
1989,Byron Scott,0.0,0.006710652,100,6,,N/A (No Votes),False
1989,Jack Sikma,0.0,0.0013181664,100,6,,N/A (No Votes),False
1989,Charles Smith,0.0,0.0033056582,100,6,,N/A (No Votes),False
1989,Kenny Smith,0.0,0.0036916255,100,6,,N/A (No Votes),False
1989,Rory Sparrow,0.0,0.0019903074,100,6,,N/A (No Votes),False
1989,John Stockton,0.033,0.04487147,7,6,-1.0,Off by 1,True
1989,Reggie Theus,0.0,0.004087,100,6,,N/A (No Votes),False
1989,Isiah Thomas,0.001,0.005540651,100,6,-94.0,Off by >2,True
1989,Billy Thompson,0.0,0.00035710545,100,6,,N/A (No Votes),False
1989,LaSalle Thompson,0.0,0.0015540902,100,6,,N/A (No Votes),False
1989,Otis Thorpe,0.0,0.005420737,100,6,,N/A (No Votes),False
1989,Wayman Tisdale,0.0,0.004513311,100,6,,N/A (No Votes),False
1989,Kelly Tripucka,0.0,0.0026382417,100,6,,N/A (No Votes),False
1989,Dominique Wilkins,0.0,0.01900635,100,6,,N/A (No Votes),False
1989,Gerald Wilkins,0.0,0.0015633799,100,6,,N/A (No Votes),False
1989,Buck Williams,0.0,0.00226253,100,6,,N/A (No Votes),False
1989,Herb Williams,0.0,0.00027229008,100,6,,N/A (No Votes),False
1989,John Williams,0.0,0.0063103535,100,6,,N/A (No Votes),False
1989,James Worthy,0.0,0.0112085035,100,6,,N/A (No Votes),False
